               epoch,      train/box_loss,      train/obj_loss,      train/cls_loss,   metrics/precision,      metrics/recall,     metrics/mAP_0.5,metrics/mAP_0.5:0.95,        val/box_loss,        val/obj_loss,        val/cls_loss,               x/lr0,               x/lr1,               x/lr2
                   0,            0.093212,            0.017544,            0.042587,          5.9964e-05,            0.025108,          4.0266e-05,          4.8468e-06,            0.055509,           0.0086333,            0.026335,              0.0937,              0.0007,              0.0007
                   1,            0.060197,            0.011627,            0.036603,          2.5655e-05,            0.036364,          0.00014009,          1.4009e-05,            0.094043,           0.0019547,             0.18755,              0.0865,           0.0014999,           0.0014999
                   2,            0.060993,            0.011236,            0.036684,                   0,                   0,                   0,                   0,            0.090036,           0.0054854,             0.22875,            0.079299,           0.0022995,           0.0022995
                   3,             0.05357,             0.01112,            0.036824,                   0,                   0,                   0,                   0,                 nan,                 nan,              9.5128,            0.072098,           0.0030985,           0.0030985
                   4,             0.05158,            0.010969,            0.037686,                   0,                   0,                   0,                   0,                 nan,                 nan,                 nan,            0.064897,           0.0038965,           0.0038965
                   5,             0.05248,            0.010442,            0.036819,                   0,                   0,                   0,                   0,                 nan,                 nan,              5.9473,            0.057693,           0.0046935,           0.0046935
                   6,            0.050966,            0.010754,            0.036936,                   0,                   0,                   0,                   0,                 nan,                 nan,             0.79414,            0.050489,            0.005489,            0.005489
                   7,            0.051478,           0.0099432,            0.036114,                   0,                   0,                   0,                   0,                 nan,                 nan,              1.0138,            0.043283,           0.0062829,           0.0062829
                   8,            0.050631,           0.0099186,            0.036677,          0.00018477,            0.012987,          0.00012091,          1.2091e-05,                 nan,                 nan,                 nan,            0.036075,           0.0070748,           0.0070748
                   9,            0.049352,           0.0093883,            0.035087,                   0,                   0,                   0,                   0,                 nan,                 nan,                 nan,            0.028865,           0.0078645,           0.0078645
                  10,            0.050377,           0.0089191,            0.034162,                   0,                   0,                   0,                   0,                 nan,                 nan,                 nan,            0.021652,           0.0086518,           0.0086518
                  11,             0.04996,           0.0082389,            0.034056,                   0,                   0,                   0,                   0,                 nan,                 nan,                 nan,            0.014436,           0.0094363,           0.0094363
                  12,            0.050781,           0.0082984,            0.034869,                   0,                   0,                   0,                   0,                 nan,                 nan,              0.5916,           0.0099203,           0.0099203,           0.0099203
                  13,            0.048846,           0.0074624,            0.034783,                   0,                   0,                   0,                   0,                 nan,                 nan,              1.0277,           0.0099203,           0.0099203,           0.0099203
                  14,            0.049807,            0.007331,            0.035018,                   0,                   0,                   0,                   0,             0.10917,          0.00059416,             0.38837,           0.0099065,           0.0099065,           0.0099065
                  15,            0.047051,           0.0073556,            0.035322,            0.029829,             0.33723,             0.14639,            0.065872,                 nan,                 nan,              2.4449,           0.0098916,           0.0098916,           0.0098916
                  16,            0.043572,           0.0069215,            0.034299,                   0,                   0,                   0,                   0,                 nan,                 nan,             0.23868,           0.0098757,           0.0098757,           0.0098757
                  17,            0.046359,            0.006732,            0.033834,                   0,                   0,                   0,                   0,                 nan,                 nan,              7.2548,           0.0098586,           0.0098586,           0.0098586
                  18,            0.046495,           0.0089514,            0.035362,                   0,                   0,                   0,                   0,            0.092615,             0.32058,              7.5578,           0.0098405,           0.0098405,           0.0098405
                  19,            0.046575,           0.0073036,            0.034036,          0.00011714,            0.012121,          0.00026783,          2.6783e-05,                 nan,                 nan,              3.0013,           0.0098213,           0.0098213,           0.0098213
                  20,            0.048995,           0.0079266,            0.034802,                   0,                   0,                   0,                   0,            0.063218,            0.037082,             0.21026,           0.0098011,           0.0098011,           0.0098011
                  21,            0.043839,           0.0074734,            0.034913,                   0,                   0,                   0,                   0,            0.089204,             0.20187,              3.5752,           0.0097798,           0.0097798,           0.0097798
                  22,            0.041918,           0.0066367,            0.033643,                   0,                   0,                   0,                   0,            0.090337,             0.12713,              2.1771,           0.0097574,           0.0097574,           0.0097574
                  23,             0.04208,           0.0065213,            0.032592,             0.82447,            0.038095,           0.0060267,           0.0022877,            0.066642,             0.10457,             0.19425,            0.009734,            0.009734,            0.009734
                  24,            0.043527,            0.006312,            0.034501,             0.18184,            0.018182,          2.9134e-05,          2.9134e-06,            0.065209,             0.19801,             0.13715,           0.0097095,           0.0097095,           0.0097095
                  25,            0.043104,           0.0061478,            0.035577,            0.091001,           0.0060606,          6.1932e-05,          7.4696e-06,            0.061471,             0.13511,              0.0284,            0.009684,            0.009684,            0.009684
                  26,            0.043091,           0.0061674,            0.034755,                   0,                   0,                   0,                   0,            0.071118,            0.035013,            0.028792,           0.0096575,           0.0096575,           0.0096575
                  27,            0.040208,            0.006208,            0.034513,             0.89477,            0.038961,             0.06661,            0.025108,            0.052444,            0.012106,            0.028989,           0.0096299,           0.0096299,           0.0096299
                  28,            0.044534,            0.005989,             0.03463,             0.47118,            0.051948,             0.05173,            0.010554,            0.055749,            0.014986,            0.036542,           0.0096013,           0.0096013,           0.0096013
                  29,            0.045126,           0.0068159,            0.033908,                   0,                   0,                   0,                   0,            0.098743,            0.092766,              2.1579,           0.0095717,           0.0095717,           0.0095717
                  30,            0.040158,            0.006008,             0.03259,                   0,                   0,                   0,                   0,             0.10565,            0.057716,               3.835,           0.0095411,           0.0095411,           0.0095411
                  31,            0.043711,            0.005932,             0.03437,                   0,                   0,                   0,                   0,             0.10409,             0.18758,              10.342,           0.0095095,           0.0095095,           0.0095095
                  32,            0.044526,            0.006569,            0.033531,          0.00025037,            0.024242,          0.00055171,          0.00011233,                 nan,                 nan,              3.9052,           0.0094769,           0.0094769,           0.0094769
                  33,             0.04087,           0.0063501,            0.033708,          3.5805e-05,           0.0060606,          2.3753e-05,          2.3753e-06,              0.0956,             0.17923,              5.4282,           0.0094434,           0.0094434,           0.0094434
                  34,            0.042068,           0.0062099,            0.034148,             0.27477,            0.093939,            0.011449,            0.002123,            0.082143,              0.1048,              2.7138,           0.0094088,           0.0094088,           0.0094088
                  35,            0.039902,           0.0057802,            0.033867,            0.093711,            0.048485,           0.0056129,          0.00090616,            0.070262,            0.015253,            0.046653,           0.0093733,           0.0093733,           0.0093733
                  36,            0.040626,           0.0056978,             0.03166,             0.36487,            0.072727,           0.0034868,          0.00072465,            0.065785,            0.018561,            0.053033,           0.0093369,           0.0093369,           0.0093369
                  37,            0.039351,           0.0054463,            0.034209,             0.11357,             0.28745,            0.063401,            0.029147,            0.051965,            0.005659,             0.02345,           0.0092995,           0.0092995,           0.0092995
                  38,            0.039371,           0.0057317,            0.032808,            0.012658,             0.50606,            0.092956,            0.026495,            0.051576,           0.0074514,            0.025968,           0.0092611,           0.0092611,           0.0092611
                  39,            0.039219,           0.0055793,            0.032408,             0.11847,              0.1987,            0.090392,            0.025605,            0.054881,           0.0051623,            0.023994,           0.0092219,           0.0092219,           0.0092219
                  40,            0.041085,            0.005608,            0.033451,             0.25939,             0.42857,             0.14865,            0.048975,             0.04438,           0.0051897,             0.02485,           0.0091817,           0.0091817,           0.0091817
                  41,            0.039188,           0.0056258,            0.034053,           0.0035338,             0.12294,            0.044962,             0.01476,             0.06271,           0.0087258,             0.03905,           0.0091406,           0.0091406,           0.0091406
                  42,            0.038992,           0.0052611,            0.032991,             0.50249,            0.044156,            0.067631,            0.024315,            0.053981,           0.0054821,            0.028395,           0.0090986,           0.0090986,           0.0090986
                  43,            0.039347,           0.0057042,            0.033889,             0.80152,            0.025974,            0.077903,            0.014985,            0.062522,           0.0061917,            0.031839,           0.0090557,           0.0090557,           0.0090557
                  44,            0.038925,           0.0056398,            0.033711,             0.49767,             0.23766,             0.14121,            0.060166,            0.036383,           0.0066145,            0.026884,           0.0090119,           0.0090119,           0.0090119
                  45,            0.040963,             0.00557,            0.033449,             0.25151,              0.4515,             0.25523,             0.10889,            0.039364,            0.015437,            0.024316,           0.0089673,           0.0089673,           0.0089673
                  46,            0.041133,           0.0051481,            0.033403,             0.51397,             0.13853,             0.14024,             0.03614,            0.055634,           0.0066919,            0.024719,           0.0089218,           0.0089218,           0.0089218
                  47,            0.038042,           0.0054171,            0.033504,             0.53577,             0.40384,             0.33286,            0.084666,            0.041393,           0.0054367,            0.023938,           0.0088755,           0.0088755,           0.0088755
                  48,            0.040771,           0.0055198,            0.033218,             0.91905,             0.10313,             0.10073,             0.02675,            0.051546,           0.0072427,            0.021974,           0.0088283,           0.0088283,           0.0088283
                  49,            0.036723,           0.0051789,            0.033434,             0.31065,             0.21688,            0.089998,            0.010395,            0.059879,           0.0052999,            0.022221,           0.0087804,           0.0087804,           0.0087804
                  50,            0.040128,           0.0053503,            0.032602,              0.4025,             0.49211,             0.29459,             0.10732,            0.036472,           0.0055159,            0.024336,           0.0087316,           0.0087316,           0.0087316
                  51,            0.037782,           0.0054411,            0.032862,             0.26369,             0.41602,             0.17521,            0.055078,            0.031769,           0.0064529,            0.024452,            0.008682,            0.008682,            0.008682
                  52,            0.038545,           0.0057031,            0.033567,             0.26529,             0.27403,             0.16805,             0.07404,            0.028519,            0.006111,             0.02767,           0.0086316,           0.0086316,           0.0086316
                  53,            0.036072,           0.0056756,            0.032087,              0.4855,             0.47532,               0.315,            0.095583,            0.035975,           0.0053747,            0.023067,           0.0085805,           0.0085805,           0.0085805
                  54,            0.039438,           0.0053064,            0.031096,           0.0055497,             0.51558,            0.021493,           0.0036438,            0.064001,           0.0073657,            0.024059,           0.0085286,           0.0085286,           0.0085286
                  55,            0.039775,           0.0056065,            0.032718,             0.38942,             0.19654,             0.12031,            0.032094,            0.052908,           0.0048238,            0.022916,           0.0084759,           0.0084759,           0.0084759
                  56,            0.036509,           0.0052894,            0.032405,             0.26988,             0.66147,             0.32206,            0.098908,            0.046072,           0.0070108,            0.023158,           0.0084225,           0.0084225,           0.0084225
                  57,            0.039887,           0.0050202,            0.032222,             0.30927,             0.40216,              0.2019,            0.043703,            0.048287,           0.0084588,            0.023037,           0.0083684,           0.0083684,           0.0083684
                  58,            0.039317,           0.0055252,            0.032745,             0.27695,             0.31648,             0.26859,             0.12945,            0.040947,           0.0044827,            0.023233,           0.0083136,           0.0083136,           0.0083136
                  59,            0.037585,           0.0051815,            0.032106,             0.33812,             0.22468,             0.30084,            0.084601,            0.044292,           0.0044762,            0.026426,           0.0082581,           0.0082581,           0.0082581
                  60,            0.036126,           0.0049652,            0.032313,            0.021618,             0.44286,             0.15596,            0.040492,             0.04861,            0.016766,            0.027337,           0.0082019,           0.0082019,           0.0082019
                  61,             0.03702,           0.0050156,            0.032749,             0.98469,            0.064935,             0.19086,            0.056142,             0.04078,           0.0061685,            0.026461,            0.008145,            0.008145,            0.008145
                  62,            0.035821,           0.0051817,            0.029002,             0.34521,             0.24375,             0.21719,            0.072533,            0.032891,           0.0084771,              0.0291,           0.0080875,           0.0080875,           0.0080875
                  63,            0.038354,           0.0052009,             0.03198,             0.11721,             0.13766,            0.093544,            0.040832,            0.045383,           0.0055061,             0.02557,           0.0080294,           0.0080294,           0.0080294
                  64,            0.035783,           0.0050103,            0.031357,             0.19594,             0.46206,             0.28821,            0.093313,            0.038481,           0.0060801,              0.0263,           0.0079706,           0.0079706,           0.0079706
                  65,            0.037008,           0.0050776,            0.031029,             0.25212,             0.38773,             0.21374,            0.086306,            0.031676,           0.0078336,            0.029648,           0.0079112,           0.0079112,           0.0079112
                  66,             0.03629,           0.0049887,            0.032412,             0.32998,             0.48551,             0.39509,              0.1703,            0.030903,           0.0086321,            0.023193,           0.0078512,           0.0078512,           0.0078512
                  67,             0.03777,           0.0055377,            0.031426,             0.20352,             0.14589,            0.081267,            0.019472,            0.048491,           0.0050624,            0.025504,           0.0077907,           0.0077907,           0.0077907
                  68,            0.037759,           0.0050196,            0.031649,             0.56664,             0.18584,             0.13359,            0.035119,            0.043501,            0.018535,            0.029659,           0.0077296,           0.0077296,           0.0077296
                  69,            0.036038,           0.0049881,            0.030448,             0.54953,              0.1645,             0.28067,              0.1152,             0.03186,           0.0089445,            0.027307,           0.0076679,           0.0076679,           0.0076679
                  70,             0.03528,           0.0050551,            0.033569,             0.42264,             0.42627,             0.37201,              0.1823,            0.028306,           0.0046807,            0.023082,           0.0076057,           0.0076057,           0.0076057
                  71,            0.035013,           0.0049765,            0.031482,             0.16382,                 0.6,             0.30775,             0.12622,            0.035263,             0.01018,             0.02241,            0.007543,            0.007543,            0.007543
                  72,             0.03382,           0.0051818,            0.031388,             0.16739,             0.62121,             0.21024,            0.073088,            0.041659,            0.029283,            0.021783,           0.0074797,           0.0074797,           0.0074797
                  73,            0.037763,           0.0047531,            0.031764,            0.097823,             0.62554,             0.20485,            0.072147,            0.040957,           0.0089916,            0.021358,            0.007416,            0.007416,            0.007416
                  74,             0.03446,           0.0048271,            0.030622,             0.16644,             0.64461,             0.38192,             0.19643,            0.033988,           0.0042375,             0.02279,           0.0073518,           0.0073518,           0.0073518
                  75,            0.033306,           0.0043805,            0.030177,             0.10666,             0.58831,              0.2566,            0.074529,            0.040259,           0.0068752,            0.026763,           0.0072872,           0.0072872,           0.0072872
                  76,            0.034307,           0.0046831,            0.031173,             0.13721,              0.7434,             0.30497,            0.084973,            0.041233,           0.0054497,            0.022176,           0.0072221,           0.0072221,           0.0072221
                  77,            0.034275,           0.0046503,            0.031415,              0.2115,             0.48469,              0.2879,            0.089099,            0.035242,           0.0045275,            0.023374,           0.0071566,           0.0071566,           0.0071566
                  78,            0.035649,            0.004727,            0.031102,             0.39453,             0.51369,             0.44026,             0.12307,            0.043751,           0.0059088,            0.021305,           0.0070906,           0.0070906,           0.0070906
                  79,            0.036041,            0.004547,            0.030975,             0.36045,             0.57229,               0.497,             0.22128,            0.033621,           0.0051512,            0.021076,           0.0070243,           0.0070243,           0.0070243
                  80,            0.035197,           0.0047398,            0.030609,             0.24075,             0.52243,             0.29285,             0.12946,            0.031044,           0.0047792,            0.024437,           0.0069576,           0.0069576,           0.0069576
                  81,             0.03388,           0.0048177,            0.033189,             0.21987,             0.56494,             0.33276,             0.15187,            0.035738,           0.0045387,            0.025499,           0.0068906,           0.0068906,           0.0068906
                  82,            0.034227,           0.0047337,            0.030713,             0.22067,             0.72338,             0.52688,             0.17242,            0.037281,           0.0044502,            0.022984,           0.0068232,           0.0068232,           0.0068232
                  83,            0.035677,           0.0045649,            0.028508,             0.47064,             0.26984,             0.31526,             0.11903,            0.040869,           0.0065739,             0.02272,           0.0067555,           0.0067555,           0.0067555
                  84,            0.035732,           0.0053251,            0.033024,             0.30015,             0.42987,             0.33575,             0.08992,            0.039347,           0.0072511,            0.020267,           0.0066874,           0.0066874,           0.0066874
                  85,            0.035467,           0.0045773,            0.029526,             0.14018,             0.36609,             0.26175,            0.084434,            0.044744,           0.0058239,            0.025051,           0.0066191,           0.0066191,           0.0066191
                  86,            0.034395,           0.0047393,            0.030441,             0.15926,             0.69268,             0.36295,              0.1808,            0.025306,           0.0054668,            0.024648,           0.0065505,           0.0065505,           0.0065505
                  87,             0.03547,           0.0048319,            0.030709,             0.20465,             0.13117,            0.063635,           0.0097686,            0.049756,           0.0041459,            0.031149,           0.0064816,           0.0064816,           0.0064816
                  88,            0.035668,           0.0047822,            0.030097,             0.11845,             0.20519,            0.062196,            0.012007,            0.054895,            0.021278,             0.02844,           0.0064125,           0.0064125,           0.0064125
                  89,            0.033777,            0.004598,            0.031493,             0.13395,             0.62727,             0.11106,            0.049287,            0.037205,            0.039133,            0.025424,           0.0063432,           0.0063432,           0.0063432
                  90,            0.033168,           0.0048185,            0.028633,             0.67851,             0.17403,             0.31164,             0.15889,            0.032491,             0.01657,            0.022136,           0.0062737,           0.0062737,           0.0062737
                  91,             0.03383,           0.0045741,            0.029746,             0.56174,             0.16926,             0.18048,            0.072508,            0.032692,            0.022191,            0.022926,            0.006204,            0.006204,            0.006204
                  92,            0.031496,           0.0049073,            0.030075,               0.528,             0.34839,             0.42701,             0.15836,            0.038415,           0.0044716,            0.025464,           0.0061341,           0.0061341,           0.0061341
                  93,            0.033317,           0.0045336,            0.028716,             0.23618,             0.38559,             0.21738,             0.11896,            0.037604,           0.0060056,            0.032564,            0.006064,            0.006064,            0.006064
                  94,            0.034554,           0.0045919,            0.029419,             0.10187,             0.54351,             0.26061,              0.1338,             0.03181,           0.0051281,            0.025922,           0.0059938,           0.0059938,           0.0059938
                  95,            0.035005,             0.00452,            0.030042,             0.11598,             0.68443,              0.3847,             0.19806,            0.031577,           0.0085721,            0.021176,           0.0059235,           0.0059235,           0.0059235
                  96,            0.032409,           0.0043742,            0.028558,              0.2301,             0.78442,             0.51467,             0.21523,            0.033056,           0.0054989,            0.019839,           0.0058531,           0.0058531,           0.0058531
                  97,            0.031744,           0.0044275,            0.029805,             0.32798,             0.74609,             0.62218,             0.19488,            0.038308,           0.0034902,            0.019434,           0.0057826,           0.0057826,           0.0057826
                  98,             0.03285,           0.0043844,            0.029986,             0.22144,             0.74716,             0.45722,               0.176,            0.036583,           0.0038035,            0.021141,            0.005712,            0.005712,            0.005712
                  99,            0.030735,            0.004354,            0.029336,              0.2183,             0.76017,             0.43347,             0.16153,            0.035894,           0.0041589,            0.020779,           0.0056413,           0.0056413,           0.0056413
                 100,            0.030921,           0.0044221,            0.029241,             0.30449,             0.72835,             0.46744,             0.14143,            0.039273,           0.0041959,            0.019205,           0.0055707,           0.0055707,           0.0055707
                 101,            0.031497,           0.0042769,            0.029373,              0.2723,             0.72684,               0.457,             0.12514,            0.039899,           0.0040572,            0.019477,              0.0055,              0.0055,              0.0055
                 102,             0.03201,           0.0044773,            0.028614,             0.19406,             0.74808,             0.44667,             0.21491,            0.026639,           0.0038329,             0.02063,           0.0054293,           0.0054293,           0.0054293
                 103,            0.032022,            0.004414,            0.028505,              0.2561,             0.52569,             0.42769,             0.22681,            0.026849,           0.0044612,            0.022871,           0.0053587,           0.0053587,           0.0053587
                 104,            0.029998,           0.0043718,            0.027873,             0.15053,             0.61546,             0.28658,            0.064171,            0.045709,           0.0038383,            0.019993,            0.005288,            0.005288,            0.005288
                 105,             0.03148,           0.0043236,            0.028806,             0.26176,             0.64805,             0.38761,             0.15913,            0.032575,           0.0042164,            0.019686,           0.0052174,           0.0052174,           0.0052174
                 106,            0.033085,           0.0044317,            0.028717,             0.09001,             0.54827,               0.191,            0.032296,            0.050373,           0.0086795,            0.020006,           0.0051469,           0.0051469,           0.0051469
                 107,            0.033018,           0.0043855,            0.029085,             0.18417,             0.57268,             0.32651,             0.15489,            0.029637,           0.0074261,            0.020534,           0.0050765,           0.0050765,           0.0050765
                 108,            0.032009,           0.0043472,              0.0274,             0.20735,             0.41129,             0.39582,             0.16014,            0.032407,           0.0050342,            0.020771,           0.0050062,           0.0050062,           0.0050062
                 109,            0.032294,           0.0044025,            0.027817,             0.44224,             0.17792,             0.18262,            0.078435,            0.048959,           0.0053098,            0.029205,            0.004936,            0.004936,            0.004936
                 110,            0.033355,           0.0043016,            0.029201,             0.36631,             0.20473,             0.20543,             0.10122,            0.041978,           0.0056327,            0.029694,           0.0048659,           0.0048659,           0.0048659
                 111,            0.033192,           0.0043238,            0.027248,             0.19035,             0.63288,              0.2894,             0.11555,            0.034519,           0.0076914,             0.02279,            0.004796,            0.004796,            0.004796
                 112,            0.034112,           0.0045818,            0.028923,             0.18421,             0.54589,             0.32334,             0.11885,            0.037172,           0.0061457,            0.026859,           0.0047263,           0.0047263,           0.0047263
                 113,            0.032531,           0.0043876,            0.028219,             0.29412,             0.44962,             0.37078,             0.16821,            0.030732,           0.0048337,            0.023646,           0.0046568,           0.0046568,           0.0046568
                 114,            0.030495,           0.0041477,            0.027361,             0.25011,             0.65152,             0.51114,              0.2943,            0.025221,           0.0036627,            0.020273,           0.0045875,           0.0045875,           0.0045875
                 115,            0.033725,            0.004133,            0.028137,             0.20093,             0.79855,             0.47517,             0.26901,            0.025859,            0.003607,            0.020408,           0.0045184,           0.0045184,           0.0045184
                 116,            0.030964,            0.004239,            0.028445,             0.29206,             0.69427,             0.56829,             0.27122,            0.027375,           0.0035456,            0.019036,           0.0044495,           0.0044495,           0.0044495
                 117,            0.032297,           0.0044735,            0.027773,             0.22413,             0.80909,              0.4623,             0.20367,            0.029556,            0.003716,            0.019298,           0.0043809,           0.0043809,           0.0043809
                 118,            0.028974,            0.004021,            0.027208,             0.31253,             0.68442,             0.54633,             0.23507,            0.032304,           0.0036244,            0.019233,           0.0043126,           0.0043126,           0.0043126
                 119,            0.029234,           0.0042781,            0.026152,             0.26002,             0.83939,             0.57033,             0.33557,            0.024557,           0.0035788,            0.019653,           0.0042445,           0.0042445,           0.0042445
                 120,            0.030644,           0.0041414,            0.027573,             0.39224,             0.61664,             0.52814,             0.30612,            0.021803,           0.0036866,            0.019016,           0.0041768,           0.0041768,           0.0041768
                 121,            0.030548,           0.0043232,            0.028861,             0.30391,             0.58139,             0.40698,             0.24483,            0.024165,           0.0033985,             0.01987,           0.0041094,           0.0041094,           0.0041094
                 122,            0.029501,           0.0039534,            0.026979,               0.156,             0.40702,             0.28691,             0.18179,            0.027695,           0.0038956,            0.024784,           0.0040424,           0.0040424,           0.0040424
                 123,             0.03054,           0.0041937,            0.029118,             0.15451,             0.51331,              0.3633,             0.19511,            0.027491,           0.0040292,            0.024311,           0.0039757,           0.0039757,           0.0039757
                 124,            0.031001,           0.0040948,            0.026659,             0.22626,             0.78139,             0.48109,             0.29563,            0.022805,            0.003688,            0.020305,           0.0039094,           0.0039094,           0.0039094
                 125,             0.03106,           0.0041523,            0.027763,             0.20357,             0.67734,             0.46209,             0.24206,            0.028349,           0.0045925,            0.018659,           0.0038434,           0.0038434,           0.0038434
                 126,            0.030971,           0.0042298,            0.028262,             0.20023,             0.75498,             0.43937,             0.22025,            0.029876,           0.0048783,            0.019933,           0.0037779,           0.0037779,           0.0037779
                 127,                0.03,           0.0039719,            0.027692,             0.21584,             0.78312,             0.50284,             0.32114,            0.020783,           0.0038671,            0.020439,           0.0037128,           0.0037128,           0.0037128
                 128,            0.029987,           0.0040681,             0.02816,             0.32496,             0.72578,             0.55377,             0.28011,            0.025888,            0.003187,            0.020809,           0.0036482,           0.0036482,           0.0036482
                 129,            0.030928,           0.0041125,             0.02847,             0.29751,             0.85455,             0.65868,             0.32726,            0.027138,           0.0036095,            0.018628,            0.003584,            0.003584,            0.003584
                 130,            0.028974,           0.0040096,             0.02873,             0.24737,             0.68103,             0.52189,               0.313,            0.019314,           0.0042216,            0.019046,           0.0035203,           0.0035203,           0.0035203
                 131,            0.031527,           0.0041196,            0.027493,             0.22907,             0.80649,             0.52508,             0.32633,            0.019756,           0.0036721,            0.019547,            0.003457,            0.003457,            0.003457
                 132,            0.029376,           0.0038876,            0.025311,              0.2508,             0.77015,             0.50633,             0.28684,            0.023109,           0.0036821,            0.018203,           0.0033943,           0.0033943,           0.0033943
                 133,            0.029309,           0.0040125,             0.02633,             0.24452,             0.87183,              0.5203,             0.28965,            0.024669,           0.0041309,            0.018306,           0.0033321,           0.0033321,           0.0033321
                 134,            0.031732,            0.004024,            0.025959,             0.28218,             0.94545,              0.5917,             0.30621,            0.025932,           0.0040548,            0.018221,           0.0032704,           0.0032704,           0.0032704
                 135,            0.030282,           0.0041173,            0.027955,             0.31754,             0.86753,             0.67808,             0.35288,            0.024151,           0.0033661,            0.019195,           0.0032093,           0.0032093,           0.0032093
                 136,            0.028151,           0.0041107,             0.02588,             0.31153,             0.87999,             0.71363,             0.42891,            0.020872,           0.0034177,            0.019437,           0.0031488,           0.0031488,           0.0031488
                 137,            0.027063,           0.0040108,              0.0242,             0.25196,             0.93939,             0.67592,             0.41471,             0.01935,            0.003528,            0.019238,           0.0030888,           0.0030888,           0.0030888
                 138,            0.030949,            0.004006,            0.026196,             0.25781,             0.92424,             0.57656,             0.35538,            0.021953,           0.0037624,            0.020184,           0.0030294,           0.0030294,           0.0030294
                 139,            0.029655,           0.0039193,            0.025776,             0.25427,             0.74848,             0.58352,             0.35657,            0.020171,           0.0052476,            0.019829,           0.0029706,           0.0029706,           0.0029706
                 140,            0.029284,           0.0039864,            0.026146,             0.31299,             0.68658,             0.55793,             0.34712,            0.019491,           0.0049276,            0.020419,           0.0029125,           0.0029125,           0.0029125
                 141,            0.029318,           0.0039494,            0.026949,             0.28882,             0.86017,             0.60253,             0.35167,            0.020083,           0.0041767,            0.019147,            0.002855,            0.002855,            0.002855
                 142,            0.028559,           0.0038183,            0.025523,             0.37301,             0.67655,              0.5897,             0.32841,            0.019048,            0.003572,            0.019734,           0.0027981,           0.0027981,           0.0027981
                 143,            0.029142,            0.003887,            0.025945,             0.23867,             0.76086,             0.51734,             0.27579,            0.019719,           0.0034357,            0.021365,           0.0027419,           0.0027419,           0.0027419
                 144,            0.028773,           0.0037467,            0.024968,             0.29508,             0.82168,             0.49928,             0.26824,            0.019621,           0.0035148,            0.021917,           0.0026864,           0.0026864,           0.0026864
                 145,            0.029334,           0.0039607,            0.025495,             0.19686,             0.68806,             0.48028,             0.21171,            0.030584,           0.0032775,            0.024162,           0.0026316,           0.0026316,           0.0026316
                 146,             0.02903,           0.0039816,            0.025358,             0.35004,              0.7447,             0.62618,             0.36139,            0.023727,           0.0036105,            0.022385,           0.0025775,           0.0025775,           0.0025775
                 147,            0.029025,           0.0038562,            0.025249,             0.23111,             0.75277,             0.52816,             0.28224,            0.027469,           0.0035585,            0.023311,           0.0025241,           0.0025241,           0.0025241
                 148,            0.028485,           0.0038252,            0.025641,             0.25355,             0.79306,              0.4419,             0.28199,            0.021848,           0.0032013,            0.023681,           0.0024714,           0.0024714,           0.0024714
                 149,             0.02711,           0.0038259,             0.02512,             0.29182,             0.70613,             0.41834,             0.25254,            0.020747,           0.0031779,            0.025147,           0.0024195,           0.0024195,           0.0024195
                 150,            0.027113,           0.0039417,            0.025228,             0.29909,             0.71209,             0.45452,             0.28876,            0.019138,            0.003117,            0.023739,           0.0023684,           0.0023684,           0.0023684
                 151,            0.027116,           0.0038075,            0.025252,             0.29839,             0.57031,             0.51231,             0.28303,            0.020923,           0.0034512,            0.021801,            0.002318,            0.002318,            0.002318
                 152,            0.028996,           0.0038855,            0.025966,             0.23746,             0.80896,             0.38407,             0.20539,            0.020348,           0.0034952,            0.022362,           0.0022684,           0.0022684,           0.0022684
                 153,            0.026583,           0.0036683,            0.024005,             0.30291,             0.73062,             0.57537,             0.30503,            0.024542,           0.0035489,            0.018487,           0.0022196,           0.0022196,           0.0022196
                 154,            0.027179,           0.0039066,            0.025842,             0.23862,             0.74024,             0.47611,             0.28799,            0.023782,           0.0034546,            0.018216,           0.0021717,           0.0021717,           0.0021717
                 155,            0.028541,           0.0038502,             0.02554,             0.20703,             0.78616,             0.40997,             0.21406,            0.024377,           0.0037453,            0.018641,           0.0021245,           0.0021245,           0.0021245
                 156,            0.027662,            0.003793,            0.024482,             0.19129,              0.6664,              0.3926,             0.24503,            0.023155,           0.0036821,              0.0199,           0.0020782,           0.0020782,           0.0020782
                 157,            0.027651,           0.0038262,             0.02478,             0.20075,             0.63333,             0.41324,             0.26868,            0.025665,           0.0036698,            0.020736,           0.0020327,           0.0020327,           0.0020327
                 158,            0.027668,           0.0039593,            0.025029,             0.23541,             0.75377,             0.49273,             0.26126,            0.023863,           0.0041077,            0.020252,           0.0019881,           0.0019881,           0.0019881
                 159,            0.027427,           0.0038261,            0.024015,             0.26589,             0.93939,             0.49533,             0.30974,            0.021074,            0.003674,             0.01888,           0.0019443,           0.0019443,           0.0019443
                 160,            0.028836,            0.003796,            0.026643,             0.44932,             0.54952,             0.46328,             0.20861,            0.023951,           0.0036071,            0.021222,           0.0019014,           0.0019014,           0.0019014
                 161,            0.026869,           0.0036812,            0.025351,             0.37569,             0.57582,             0.45301,             0.18284,            0.027159,           0.0036908,            0.023372,           0.0018594,           0.0018594,           0.0018594
                 162,            0.028062,           0.0037764,            0.023328,             0.25141,             0.66826,             0.46411,              0.2466,            0.020855,            0.003773,            0.024492,           0.0018183,           0.0018183,           0.0018183
                 163,              0.0265,           0.0036524,            0.025582,             0.25774,             0.68745,             0.53618,             0.32585,            0.018769,           0.0035466,            0.020217,           0.0017781,           0.0017781,           0.0017781
                 164,             0.02523,           0.0037248,            0.023872,             0.35794,             0.69418,             0.59327,             0.35244,            0.019402,            0.003615,            0.019338,           0.0017389,           0.0017389,           0.0017389
                 165,            0.026703,           0.0035385,            0.024758,             0.23624,             0.69351,             0.48894,             0.28332,            0.018607,           0.0035094,            0.020809,           0.0017005,           0.0017005,           0.0017005
                 166,            0.027243,           0.0037479,             0.02396,             0.25466,              0.7808,             0.51191,             0.30931,             0.01776,           0.0033719,            0.021667,           0.0016631,           0.0016631,           0.0016631
                 167,            0.024922,           0.0037299,            0.022009,             0.26454,             0.84595,             0.51273,             0.32057,            0.019274,            0.003229,            0.020648,           0.0016267,           0.0016267,           0.0016267
                 168,            0.027472,           0.0035932,            0.024455,             0.33022,             0.81542,             0.62747,             0.35087,            0.021439,           0.0034215,             0.01952,           0.0015912,           0.0015912,           0.0015912
                 169,            0.026478,           0.0037891,            0.023695,             0.38776,             0.71472,             0.57332,             0.28414,            0.022541,            0.003531,            0.020539,           0.0015566,           0.0015566,           0.0015566
                 170,            0.026448,           0.0037537,            0.025147,             0.26001,             0.80694,             0.54235,             0.32718,            0.019564,           0.0033787,            0.020247,           0.0015231,           0.0015231,           0.0015231
                 171,            0.026696,           0.0036708,            0.024426,             0.27047,             0.81169,             0.62409,             0.38745,            0.019017,           0.0034475,            0.019296,           0.0014905,           0.0014905,           0.0014905
                 172,            0.027182,           0.0037511,             0.02421,              0.3901,             0.75345,              0.6705,             0.44536,            0.018844,           0.0035815,            0.018377,           0.0014589,           0.0014589,           0.0014589
                 173,            0.026052,           0.0036675,            0.023595,             0.38775,             0.73669,             0.59641,             0.37315,            0.020326,           0.0034494,            0.019434,           0.0014283,           0.0014283,           0.0014283
                 174,            0.027436,           0.0037086,            0.023139,             0.27397,               0.806,             0.65946,             0.40048,            0.023138,           0.0028973,            0.020665,           0.0013987,           0.0013987,           0.0013987
                 175,            0.026307,           0.0037421,            0.024004,             0.24171,             0.79654,             0.57001,              0.3456,            0.022512,           0.0029663,            0.022151,           0.0013701,           0.0013701,           0.0013701
                 176,            0.028139,            0.003722,            0.024932,             0.21813,              0.8067,             0.53487,              0.3147,            0.018987,           0.0029877,            0.020811,           0.0013425,           0.0013425,           0.0013425
                 177,            0.027193,           0.0036807,            0.023052,             0.26291,             0.70442,             0.54923,             0.29683,             0.01977,           0.0033397,            0.020517,            0.001316,            0.001316,            0.001316
                 178,            0.026352,           0.0037201,            0.022694,             0.35546,             0.79316,             0.58138,             0.34702,            0.018756,           0.0035985,            0.020549,           0.0012905,           0.0012905,           0.0012905
                 179,            0.025158,            0.003657,            0.025494,             0.32249,             0.64867,             0.54029,             0.30182,            0.021162,           0.0038306,            0.019807,            0.001266,            0.001266,            0.001266
                 180,            0.028133,           0.0037353,            0.023935,             0.32672,             0.86672,             0.62891,             0.33859,            0.021225,           0.0034982,            0.019568,           0.0012426,           0.0012426,           0.0012426
                 181,            0.026585,           0.0037317,            0.024308,             0.29455,             0.74893,             0.52939,             0.31581,            0.020389,           0.0032456,            0.021431,           0.0012202,           0.0012202,           0.0012202
                 182,            0.025419,           0.0037352,            0.024327,             0.34221,              0.6679,             0.55263,             0.32131,             0.02041,           0.0032044,            0.021514,           0.0011989,           0.0011989,           0.0011989
                 183,            0.027568,           0.0035907,            0.024764,             0.22156,             0.80939,             0.40158,             0.21411,            0.021983,           0.0032537,            0.021589,           0.0011787,           0.0011787,           0.0011787
                 184,            0.027168,           0.0035988,            0.023701,             0.24523,              0.8065,             0.47728,             0.32325,            0.017555,             0.00316,            0.021335,           0.0011595,           0.0011595,           0.0011595
                 185,            0.024926,           0.0036527,            0.022952,             0.34654,             0.80838,             0.54129,             0.36169,            0.019556,           0.0030753,            0.019681,           0.0011414,           0.0011414,           0.0011414
                 186,            0.024361,           0.0035854,            0.022565,             0.36403,             0.68275,              0.6307,             0.34928,            0.020076,           0.0032179,            0.018576,           0.0011243,           0.0011243,           0.0011243
                 187,            0.027072,           0.0035486,            0.023524,             0.26898,             0.73921,             0.57905,              0.3257,            0.020222,           0.0036554,            0.019804,           0.0011084,           0.0011084,           0.0011084
                 188,            0.025859,             0.00369,            0.022671,             0.25429,             0.84179,             0.54107,             0.30953,            0.019175,           0.0035996,            0.019454,           0.0010935,           0.0010935,           0.0010935
                 189,            0.026346,           0.0036738,            0.024877,             0.46314,             0.76581,              0.7595,             0.49775,            0.018185,           0.0031877,            0.018691,           0.0010797,           0.0010797,           0.0010797
                 190,             0.02722,           0.0036587,            0.023857,             0.65348,             0.59351,             0.68367,             0.41946,            0.018862,           0.0031343,            0.019565,            0.001067,            0.001067,            0.001067
                 191,            0.025574,           0.0036547,            0.023842,             0.60037,             0.60102,             0.67128,             0.35768,            0.021255,           0.0032308,            0.019792,           0.0010554,           0.0010554,           0.0010554
                 192,            0.026277,           0.0034986,            0.024501,              0.3438,             0.79351,              0.7096,             0.42917,             0.01975,           0.0035687,              0.0192,           0.0010449,           0.0010449,           0.0010449
                 193,            0.025923,            0.003699,            0.023092,             0.34402,             0.78064,             0.69149,             0.39925,            0.022007,            0.003716,            0.018049,           0.0010355,           0.0010355,           0.0010355
                 194,            0.025943,            0.003533,             0.02202,             0.38127,             0.78398,             0.69326,             0.37807,            0.023036,           0.0033704,            0.017944,           0.0010272,           0.0010272,           0.0010272
                 195,            0.026124,           0.0035452,            0.024057,             0.34381,              0.6434,             0.58821,             0.27191,            0.022603,           0.0032243,            0.019724,             0.00102,             0.00102,             0.00102
                 196,             0.02726,           0.0036364,            0.025265,             0.27861,             0.65455,             0.54757,             0.31305,            0.020959,            0.003292,            0.020335,           0.0010139,           0.0010139,           0.0010139
                 197,             0.02593,           0.0036157,            0.023222,             0.52416,             0.70124,             0.66282,             0.36569,            0.019568,           0.0033533,            0.017954,           0.0010089,           0.0010089,           0.0010089
                 198,            0.026625,           0.0036221,            0.023842,             0.49485,             0.68962,              0.7112,             0.43291,            0.019709,           0.0033882,            0.017503,            0.001005,            0.001005,            0.001005
                 199,            0.024539,           0.0034662,            0.023612,             0.73953,              0.6423,             0.73815,             0.44411,            0.022751,           0.0032099,            0.017788,           0.0010022,           0.0010022,           0.0010022
